scaler,mean_auc,std_auc,min_auc,max_auc,median_auc
standard,0.8099115187861543,0.006930910201799636,0.8058973781083314,0.8237397641048756,0.8064460608237548
minmax,0.8096342281524679,0.006889188441468529,0.8055067237623019,0.8233678912177899,0.8063856960408684
robust,0.8099625280548043,0.006876027259564299,0.8058823529411765,0.823675907144467,0.8064049030172413
maxabs,0.806090742031966,0.007682775037896661,0.8003135476532567,0.8211704605213733,0.8029261513034331
