,Adaptive Scaling,Best Uniform,Uniform Ensemble,Improvement (Adaptive - Best Uniform)
AUC-ROC,0.8048409063697318,0.8046875,0.8041412236590039,0.0001534063697318233
PR AUC,0.5250715602591028,0.5248720806856598,0.5322619083197417,0.0001994795734430177
Accuracy,0.823076923076923,0.8223076923076923,0.8246153846153846,0.0007692307692307443
