,standard,minmax,robust,maxabs
standard,1.0,0.9996544330462623,0.999906722897789,0.9810254571021355
minmax,0.9996544330462623,1.0,0.9992605800677052,0.9848137044820053
robust,0.9999067228977891,0.9992605800677054,1.0,0.9784049060093307
maxabs,0.9810254571021354,0.9848137044820053,0.9784049060093308,1.0
