scaler,best_C,auc_roc
Standard,10.0,0.8050017959770115
MinMax,100.0,0.8043732040229886
Robust,100.0,0.8050092792145593
MaxAbs,100.0,0.8006914511494252
