C,best_scaler,auc_roc
0.001,Standard,0.7869410021551724
0.01,Robust,0.8016006645114943
0.1,Standard,0.803999042145594
1.0,Standard,0.8048034901819924
10.0,Standard,0.8050017959770115
100.0,Robust,0.8050092792145593
